{"cameraMode":{"drawMode":0,"name":"Shaded","section":"Shading Mode"},"sceneLighting":false,"audioPlay":false,"sceneViewState":{"showFog":true,"showMaterialUpdate":false,"showSkybox":true,"showFlares":true,"showImageEffects":true,"showParticleSystems":true},"in2DMode":false,"pivot":{"x":-0.023430228233337404,"y":1.6300917863845826,"z":0.0},"rotation":{"x":-0.025434350594878198,"y":0.16922211647033692,"z":-0.0043684192933142189,"w":-0.9852403402328491},"size":26.14651107788086,"orthographic":false}