{"cameraMode":{"drawMode":0,"name":"Shaded","section":"Shading Mode"},"sceneLighting":false,"audioPlay":false,"sceneViewState":{"showFog":true,"showMaterialUpdate":false,"showSkybox":false,"showFlares":true,"showImageEffects":true,"showParticleSystems":true},"in2DMode":false,"pivot":{"x":-0.03124202787876129,"y":-0.08852511644363404,"z":0.020024821162223817},"rotation":{"x":0.12289813905954361,"y":0.6815816164016724,"z":-0.11770007014274597,"w":0.7116832733154297},"size":0.6385530829429627,"orthographic":true}