{"cameraMode":{"drawMode":0,"name":"Shaded","section":"Shading Mode"},"sceneLighting":false,"audioPlay":false,"sceneViewState":{"showFog":true,"showMaterialUpdate":false,"showSkybox":false,"showFlares":true,"showImageEffects":true,"showParticleSystems":true},"in2DMode":false,"pivot":{"x":-0.04070388525724411,"y":-0.052717071026563647,"z":-0.1645984649658203},"rotation":{"x":-0.19240906834602357,"y":0.8069446682929993,"z":-0.37644895911216738,"w":-0.41244202852249148},"size":0.3872985541820526,"orthographic":true}